,width,module,t,l1
0,64,embed,0,0.7272818684577942
1,64,fin,0,0.6780891418457031
2,64,layers.0.query,0,0.4327954053878784
3,64,layers.0.key,0,0.4303738474845886
4,64,layers.0.value,0,0.4677950143814087
5,64,layers.0,0,0.3502348065376282
6,64,layers.1.layers.0,0,0.27553004026412964
7,64,layers.1.layers.1,0,0.1180647760629654
8,64,layers.1.layers,0,0.1180647760629654
9,64,layers.1,0,0.1180647760629654
10,64,layers.2.query,0,0.16198579967021942
11,64,layers.2.key,0,0.1721181422472
12,64,layers.2.value,0,0.18271516263484955
13,64,layers.2,0,0.18269477784633636
14,64,layers.3.layers.0,0,0.11641358584165573
15,64,layers.3.layers.1,0,0.057284269481897354
16,64,layers.3.layers,0,0.057284269481897354
17,64,layers.3,0,0.057284269481897354
18,64,layers.4.query,0,0.07342232763767242
19,64,layers.4.key,0,0.07996927201747894
20,64,layers.4.value,0,0.0706477090716362
21,64,layers.4,0,0.0706477016210556
22,64,layers.5.layers.0,0,0.040120698511600494
23,64,layers.5.layers.1,0,0.021523280069231987
24,64,layers.5.layers,0,0.021523280069231987
25,64,layers.5,0,0.021523280069231987
26,64,layers.6.query,0,0.03115457482635975
27,64,layers.6.key,0,0.037328388541936874
28,64,layers.6.value,0,0.03637685626745224
29,64,layers.6,0,0.03637685626745224
30,64,layers.7.layers.0,0,0.028473734855651855
31,64,layers.7.layers.1,0,0.014938388019800186
32,64,layers.7.layers,0,0.014938388019800186
33,64,layers.7,0,0.014938388019800186
34,64,unembed,0,0.0756898820400238
35,64,,0,0.0756898820400238
36,64,embed,1,0.7273366451263428
37,64,fin,1,0.6781435012817383
38,64,layers.0.query,1,0.43286624550819397
39,64,layers.0.key,1,0.43069514632225037
40,64,layers.0.value,1,0.4678535759449005
41,64,layers.0,1,0.35034242272377014
42,64,layers.1.layers.0,1,0.27548906207084656
43,64,layers.1.layers.1,1,0.11815065145492554
44,64,layers.1.layers,1,0.11815065145492554
45,64,layers.1,1,0.11815065145492554
46,64,layers.2.query,1,0.16194672882556915
47,64,layers.2.key,1,0.17224246263504028
48,64,layers.2.value,1,0.18290303647518158
49,64,layers.2,1,0.1828812062740326
50,64,layers.3.layers.0,1,0.1166289746761322
51,64,layers.3.layers.1,1,0.0574323832988739
52,64,layers.3.layers,1,0.0574323832988739
53,64,layers.3,1,0.0574323832988739
54,64,layers.4.query,1,0.07362927496433258
55,64,layers.4.key,1,0.08013221621513367
56,64,layers.4.value,1,0.07089598476886749
57,64,layers.4,1,0.07089598476886749
58,64,layers.5.layers.0,1,0.0402999110519886
59,64,layers.5.layers.1,1,0.021597057580947876
60,64,layers.5.layers,1,0.021597057580947876
61,64,layers.5,1,0.021597057580947876
62,64,layers.6.query,1,0.03127525746822357
63,64,layers.6.key,1,0.03743468225002289
64,64,layers.6.value,1,0.03649827465415001
65,64,layers.6,1,0.03649827465415001
66,64,layers.7.layers.0,1,0.028468847274780273
67,64,layers.7.layers.1,1,0.014926087111234665
68,64,layers.7.layers,1,0.014926087111234665
69,64,layers.7,1,0.014926087111234665
70,64,unembed,1,0.08583252876996994
71,64,,1,0.08583252876996994
72,64,embed,2,0.7275316715240479
73,64,fin,2,0.6784654259681702
74,64,layers.0.query,2,0.4330909252166748
75,64,layers.0.key,2,0.4310294985771179
76,64,layers.0.value,2,0.46827346086502075
77,64,layers.0,2,0.3508227467536926
78,64,layers.1.layers.0,2,0.275857150554657
79,64,layers.1.layers.1,2,0.11841225624084473
80,64,layers.1.layers,2,0.11841225624084473
81,64,layers.1,2,0.11841225624084473
82,64,layers.2.query,2,0.16221682727336884
83,64,layers.2.key,2,0.1726122498512268
84,64,layers.2.value,2,0.1833639144897461
85,64,layers.2,2,0.1833418607711792
86,64,layers.3.layers.0,2,0.11708179116249084
87,64,layers.3.layers.1,2,0.057724691927433014
88,64,layers.3.layers,2,0.057724691927433014
89,64,layers.3,2,0.057724691927433014
90,64,layers.4.query,2,0.07400339096784592
91,64,layers.4.key,2,0.08049963414669037
92,64,layers.4.value,2,0.07126204669475555
93,64,layers.4,2,0.07126204669475555
94,64,layers.5.layers.0,2,0.040537670254707336
95,64,layers.5.layers.1,2,0.021721895784139633
96,64,layers.5.layers,2,0.021721895784139633
97,64,layers.5,2,0.021721895784139633
98,64,layers.6.query,2,0.0314292311668396
99,64,layers.6.key,2,0.037613049149513245
100,64,layers.6.value,2,0.03668316826224327
101,64,layers.6,2,0.03668316826224327
102,64,layers.7.layers.0,2,0.028586899861693382
103,64,layers.7.layers.1,2,0.014989527873694897
104,64,layers.7.layers,2,0.014989527873694897
105,64,layers.7,2,0.014989527873694897
106,64,unembed,2,0.11723963171243668
107,64,,2,0.11723963171243668
108,128,embed,0,0.727754533290863
109,128,fin,0,0.7506648302078247
110,128,layers.0.query,0,0.5333868265151978
111,128,layers.0.key,0,0.5167081356048584
112,128,layers.0.value,0,0.5150346755981445
113,128,layers.0,0,0.3912566304206848
114,128,layers.1.layers.0,0,0.26859140396118164
115,128,layers.1.layers.1,0,0.13378864526748657
116,128,layers.1.layers,0,0.13378864526748657
117,128,layers.1,0,0.13378864526748657
118,128,layers.2.query,0,0.1824055314064026
119,128,layers.2.key,0,0.17925500869750977
120,128,layers.2.value,0,0.21248695254325867
121,128,layers.2,0,0.21247011423110962
122,128,layers.3.layers.0,0,0.1772564798593521
123,128,layers.3.layers.1,0,0.1044297143816948
124,128,layers.3.layers,0,0.1044297143816948
125,128,layers.3,0,0.1044297143816948
126,128,layers.4.query,0,0.15022559463977814
127,128,layers.4.key,0,0.13735772669315338
128,128,layers.4.value,0,0.1416628062725067
129,128,layers.4,0,0.1416628062725067
130,128,layers.5.layers.0,0,0.08744020015001297
131,128,layers.5.layers.1,0,0.04432575777173042
132,128,layers.5.layers,0,0.04432575777173042
133,128,layers.5,0,0.04432575777173042
134,128,layers.6.query,0,0.061907678842544556
135,128,layers.6.key,0,0.06360144913196564
136,128,layers.6.value,0,0.07087422907352448
137,128,layers.6,0,0.07087422907352448
138,128,layers.7.layers.0,0,0.04829900711774826
139,128,layers.7.layers.1,0,0.020478252321481705
140,128,layers.7.layers,0,0.020478252321481705
141,128,layers.7,0,0.020478252321481705
142,128,unembed,0,0.0788220465183258
143,128,,0,0.0788220465183258
144,128,embed,1,0.727881908416748
145,128,fin,1,0.7508535385131836
146,128,layers.0.query,1,0.5336728096008301
147,128,layers.0.key,1,0.5169322490692139
148,128,layers.0.value,1,0.5154021978378296
149,128,layers.0,1,0.3916667103767395
150,128,layers.1.layers.0,1,0.268949419260025
151,128,layers.1.layers.1,1,0.13399681448936462
152,128,layers.1.layers,1,0.13399681448936462
153,128,layers.1,1,0.13399681448936462
154,128,layers.2.query,1,0.1827932745218277
155,128,layers.2.key,1,0.17966674268245697
156,128,layers.2.value,1,0.21302826702594757
157,128,layers.2,1,0.21301262080669403
158,128,layers.3.layers.0,1,0.1777331680059433
159,128,layers.3.layers.1,1,0.1047932580113411
160,128,layers.3.layers,1,0.1047932580113411
161,128,layers.3,1,0.1047932580113411
162,128,layers.4.query,1,0.15063175559043884
163,128,layers.4.key,1,0.13777729868888855
164,128,layers.4.value,1,0.14210662245750427
165,128,layers.4,1,0.14210662245750427
166,128,layers.5.layers.0,1,0.08775634318590164
167,128,layers.5.layers.1,1,0.04445972666144371
168,128,layers.5.layers,1,0.04445972666144371
169,128,layers.5,1,0.04445972666144371
170,128,layers.6.query,1,0.06216651201248169
171,128,layers.6.key,1,0.06388276815414429
172,128,layers.6.value,1,0.07115903496742249
173,128,layers.6,1,0.07115903496742249
174,128,layers.7.layers.0,1,0.048561859875917435
175,128,layers.7.layers.1,1,0.020615268498659134
176,128,layers.7.layers,1,0.020615268498659134
177,128,layers.7,1,0.020615268498659134
178,128,unembed,1,0.10132652521133423
179,128,,1,0.10132652521133423
180,128,embed,2,0.7280451059341431
181,128,fin,2,0.7511463165283203
182,128,layers.0.query,2,0.5340449810028076
183,128,layers.0.key,2,0.517238974571228
184,128,layers.0.value,2,0.5158535242080688
185,128,layers.0,2,0.3921475410461426
186,128,layers.1.layers.0,2,0.26950013637542725
187,128,layers.1.layers.1,2,0.13430650532245636
188,128,layers.1.layers,2,0.13430650532245636
189,128,layers.1,2,0.13430650532245636
190,128,layers.2.query,2,0.18335303664207458
191,128,layers.2.key,2,0.1802431046962738
192,128,layers.2.value,2,0.2138708084821701
193,128,layers.2,2,0.2138565331697464
194,128,layers.3.layers.0,2,0.1785207986831665
195,128,layers.3.layers.1,2,0.10533788055181503
196,128,layers.3.layers,2,0.10533788055181503
197,128,layers.3,2,0.10533788055181503
198,128,layers.4.query,2,0.15129819512367249
199,128,layers.4.key,2,0.13840210437774658
200,128,layers.4.value,2,0.14282885193824768
201,128,layers.4,2,0.14282885193824768
202,128,layers.5.layers.0,2,0.08832363784313202
203,128,layers.5.layers.1,2,0.044751863926649094
204,128,layers.5.layers,2,0.044751863926649094
205,128,layers.5,2,0.044751863926649094
206,128,layers.6.query,2,0.06265054643154144
207,128,layers.6.key,2,0.06433579325675964
208,128,layers.6.value,2,0.07178197801113129
209,128,layers.6,2,0.07178197801113129
210,128,layers.7.layers.0,2,0.04909493774175644
211,128,layers.7.layers.1,2,0.020888853818178177
212,128,layers.7.layers,2,0.020888853818178177
213,128,layers.7,2,0.020888853818178177
214,128,unembed,2,0.16235575079917908
215,128,,2,0.16235575079917908
216,256,embed,0,0.7282239198684692
217,256,fin,0,0.7239596843719482
218,256,layers.0.query,0,0.5370578765869141
219,256,layers.0.key,0,0.5192241668701172
220,256,layers.0.value,0,0.5336829423904419
221,256,layers.0,0,0.4153287708759308
222,256,layers.1.layers.0,0,0.2997376322746277
223,256,layers.1.layers.1,0,0.12524883449077606
224,256,layers.1.layers,0,0.12524883449077606
225,256,layers.1,0,0.12524883449077606
226,256,layers.2.query,0,0.18791386485099792
227,256,layers.2.key,0,0.1822952926158905
228,256,layers.2.value,0,0.18538898229599
229,256,layers.2,0,0.18534299731254578
230,256,layers.3.layers.0,0,0.11970961093902588
231,256,layers.3.layers.1,0,0.06859391182661057
232,256,layers.3.layers,0,0.06859391182661057
233,256,layers.3,0,0.06859391182661057
234,256,layers.4.query,0,0.09112495183944702
235,256,layers.4.key,0,0.09907916188240051
236,256,layers.4.value,0,0.09289117157459259
237,256,layers.4,0,0.09289117157459259
238,256,layers.5.layers.0,0,0.06353060901165009
239,256,layers.5.layers.1,0,0.032691165804862976
240,256,layers.5.layers,0,0.032691165804862976
241,256,layers.5,0,0.032691165804862976
242,256,layers.6.query,0,0.04503802955150604
243,256,layers.6.key,0,0.045265763998031616
244,256,layers.6.value,0,0.04650436341762543
245,256,layers.6,0,0.04650436341762543
246,256,layers.7.layers.0,0,0.02896801009774208
247,256,layers.7.layers.1,0,0.014339189045131207
248,256,layers.7.layers,0,0.014339189045131207
249,256,layers.7,0,0.014339189045131207
250,256,unembed,0,0.07529202103614807
251,256,,0,0.07529202103614807
252,256,embed,1,0.7280538082122803
253,256,fin,1,0.7237080335617065
254,256,layers.0.query,1,0.5368447303771973
255,256,layers.0.key,1,0.5188335180282593
256,256,layers.0.value,1,0.5332420468330383
257,256,layers.0,1,0.41457289457321167
258,256,layers.1.layers.0,1,0.29907870292663574
259,256,layers.1.layers.1,1,0.12477727234363556
260,256,layers.1.layers,1,0.12477727234363556
261,256,layers.1,1,0.12477727234363556
262,256,layers.2.query,1,0.18757766485214233
263,256,layers.2.key,1,0.18194244801998138
264,256,layers.2.value,1,0.18457962572574615
265,256,layers.2,1,0.18453359603881836
266,256,layers.3.layers.0,1,0.11914780735969543
267,256,layers.3.layers.1,1,0.06827858835458755
268,256,layers.3.layers,1,0.06827858835458755
269,256,layers.3,1,0.06827858835458755
270,256,layers.4.query,1,0.09070632606744766
271,256,layers.4.key,1,0.09845945239067078
272,256,layers.4.value,1,0.09233386069536209
273,256,layers.4,1,0.0923338532447815
274,256,layers.5.layers.0,1,0.06290039420127869
275,256,layers.5.layers.1,1,0.03234487026929855
276,256,layers.5.layers,1,0.03234487026929855
277,256,layers.5,1,0.03234487026929855
278,256,layers.6.query,1,0.044527456164360046
279,256,layers.6.key,1,0.0447283610701561
280,256,layers.6.value,1,0.04599720612168312
281,256,layers.6,1,0.04599720984697342
282,256,layers.7.layers.0,1,0.028652915731072426
283,256,layers.7.layers.1,1,0.014161979779601097
284,256,layers.7.layers,1,0.014161979779601097
285,256,layers.7,1,0.014161979779601097
286,256,unembed,1,0.08678160607814789
287,256,,1,0.08678160607814789
288,256,embed,2,0.7282271385192871
289,256,fin,2,0.7238969802856445
290,256,layers.0.query,2,0.5370358824729919
291,256,layers.0.key,2,0.5189999341964722
292,256,layers.0.value,2,0.5334905385971069
293,256,layers.0,2,0.4149560034275055
294,256,layers.1.layers.0,2,0.29968658089637756
295,256,layers.1.layers.1,2,0.12507766485214233
296,256,layers.1.layers,2,0.12507766485214233
297,256,layers.1,2,0.12507766485214233
298,256,layers.2.query,2,0.18818160891532898
299,256,layers.2.key,2,0.18257789313793182
300,256,layers.2.value,2,0.1852484792470932
301,256,layers.2,2,0.18520161509513855
302,256,layers.3.layers.0,2,0.11986860632896423
303,256,layers.3.layers.1,2,0.06876963376998901
304,256,layers.3.layers,2,0.06876963376998901
305,256,layers.3,2,0.06876963376998901
306,256,layers.4.query,2,0.09133341908454895
307,256,layers.4.key,2,0.09902654588222504
308,256,layers.4.value,2,0.0930500328540802
309,256,layers.4,2,0.0930500328540802
310,256,layers.5.layers.0,2,0.06340071558952332
311,256,layers.5.layers.1,2,0.032611094415187836
312,256,layers.5.layers,2,0.032611094415187836
313,256,layers.5,2,0.032611094415187836
314,256,layers.6.query,2,0.04484323412179947
315,256,layers.6.key,2,0.04502750188112259
316,256,layers.6.value,2,0.046418339014053345
317,256,layers.6,2,0.046418339014053345
318,256,layers.7.layers.0,2,0.029034364968538284
319,256,layers.7.layers.1,2,0.014372268691658974
320,256,layers.7.layers,2,0.014372268691658974
321,256,layers.7,2,0.014372268691658974
322,256,unembed,2,0.11882966011762619
323,256,,2,0.11882966011762619
324,512,embed,0,0.7284826636314392
325,512,fin,0,0.7133309841156006
326,512,layers.0.query,0,0.53066086769104
327,512,layers.0.key,0,0.52619868516922
328,512,layers.0.value,0,0.5132652521133423
329,512,layers.0,0,0.3931494355201721
330,512,layers.1.layers.0,0,0.2705365717411041
331,512,layers.1.layers.1,0,0.12402969598770142
332,512,layers.1.layers,0,0.12402969598770142
333,512,layers.1,0,0.12402969598770142
334,512,layers.2.query,0,0.18063831329345703
335,512,layers.2.key,0,0.18278303742408752
336,512,layers.2.value,0,0.17259091138839722
337,512,layers.2,0,0.17250806093215942
338,512,layers.3.layers.0,0,0.11586502194404602
339,512,layers.3.layers.1,0,0.06215950846672058
340,512,layers.3.layers,0,0.06215950846672058
341,512,layers.3,0,0.06215950846672058
342,512,layers.4.query,0,0.08135950565338135
343,512,layers.4.key,0,0.08749096840620041
344,512,layers.4.value,0,0.08659628033638
345,512,layers.4,0,0.08659627288579941
346,512,layers.5.layers.0,0,0.06380758434534073
347,512,layers.5.layers.1,0,0.03058674745261669
348,512,layers.5.layers,0,0.03058674745261669
349,512,layers.5,0,0.03058674745261669
350,512,layers.6.query,0,0.04349967837333679
351,512,layers.6.key,0,0.044522956013679504
352,512,layers.6.value,0,0.043623149394989014
353,512,layers.6,0,0.043623149394989014
354,512,layers.7.layers.0,0,0.030590301379561424
355,512,layers.7.layers.1,0,0.014972325414419174
356,512,layers.7.layers,0,0.014972325414419174
357,512,layers.7,0,0.014972325414419174
358,512,unembed,0,0.07560688257217407
359,512,,0,0.07560688257217407
360,512,embed,1,0.728519082069397
361,512,fin,1,0.7132931351661682
362,512,layers.0.query,1,0.5306574702262878
363,512,layers.0.key,1,0.5261902809143066
364,512,layers.0.value,1,0.5130631923675537
365,512,layers.0,1,0.39234358072280884
366,512,layers.1.layers.0,1,0.27012115716934204
367,512,layers.1.layers.1,1,0.12392549216747284
368,512,layers.1.layers,1,0.12392549216747284
369,512,layers.1,1,0.12392549216747284
370,512,layers.2.query,1,0.18064481019973755
371,512,layers.2.key,1,0.1825937032699585
372,512,layers.2.value,1,0.17263226211071014
373,512,layers.2,1,0.17254513502120972
374,512,layers.3.layers.0,1,0.11581361293792725
375,512,layers.3.layers.1,1,0.062211520969867706
376,512,layers.3.layers,1,0.062211520969867706
377,512,layers.3,1,0.062211520969867706
378,512,layers.4.query,1,0.08145128190517426
379,512,layers.4.key,1,0.08756310492753983
380,512,layers.4.value,1,0.08645953238010406
381,512,layers.4,1,0.08645953238010406
382,512,layers.5.layers.0,1,0.06384257227182388
383,512,layers.5.layers.1,1,0.030581295490264893
384,512,layers.5.layers,1,0.030581295490264893
385,512,layers.5,1,0.030581295490264893
386,512,layers.6.query,1,0.04344082251191139
387,512,layers.6.key,1,0.0445651076734066
388,512,layers.6.value,1,0.04334978759288788
389,512,layers.6,1,0.04334978759288788
390,512,layers.7.layers.0,1,0.030460186302661896
391,512,layers.7.layers.1,1,0.01481061801314354
392,512,layers.7.layers,1,0.01481061801314354
393,512,layers.7,1,0.01481061801314354
394,512,unembed,1,0.08901835232973099
395,512,,1,0.08901835232973099
396,512,embed,2,0.7286838889122009
397,512,fin,2,0.7136162519454956
398,512,layers.0.query,2,0.5309889912605286
399,512,layers.0.key,2,0.5265605449676514
400,512,layers.0.value,2,0.5134472846984863
401,512,layers.0,2,0.3932141363620758
402,512,layers.1.layers.0,2,0.2714649438858032
403,512,layers.1.layers.1,2,0.12480694055557251
404,512,layers.1.layers,2,0.12480694055557251
405,512,layers.1,2,0.12480694055557251
406,512,layers.2.query,2,0.18195432424545288
407,512,layers.2.key,2,0.18372665345668793
408,512,layers.2.value,2,0.17417433857917786
409,512,layers.2,2,0.17407962679862976
410,512,layers.3.layers.0,2,0.1172732412815094
411,512,layers.3.layers.1,2,0.06315675377845764
412,512,layers.3.layers,2,0.06315675377845764
413,512,layers.3,2,0.06315675377845764
414,512,layers.4.query,2,0.08268160372972488
415,512,layers.4.key,2,0.08891497552394867
416,512,layers.4.value,2,0.08779347687959671
417,512,layers.4,2,0.08779347687959671
418,512,layers.5.layers.0,2,0.06533794105052948
419,512,layers.5.layers.1,2,0.031422507017850876
420,512,layers.5.layers,2,0.031422507017850876
421,512,layers.5,2,0.031422507017850876
422,512,layers.6.query,2,0.044560108333826065
423,512,layers.6.key,2,0.04582204669713974
424,512,layers.6.value,2,0.044413670897483826
425,512,layers.6,2,0.044413670897483826
426,512,layers.7.layers.0,2,0.0314585380256176
427,512,layers.7.layers.1,2,0.015304885804653168
428,512,layers.7.layers,2,0.015304885804653168
429,512,layers.7,2,0.015304885804653168
430,512,unembed,2,0.12594270706176758
431,512,,2,0.12594270706176758
432,1024,embed,0,0.7288992404937744
433,1024,fin,0,0.7335197329521179
434,1024,layers.0.query,0,0.5200119614601135
435,1024,layers.0.key,0,0.5223601460456848
436,1024,layers.0.value,0,0.5259908437728882
437,1024,layers.0,0,0.4069240689277649
438,1024,layers.1.layers.0,0,0.307343065738678
439,1024,layers.1.layers.1,0,0.15423667430877686
440,1024,layers.1.layers,0,0.15423667430877686
441,1024,layers.1,0,0.15423667430877686
442,1024,layers.2.query,0,0.2111937403678894
443,1024,layers.2.key,0,0.21432235836982727
444,1024,layers.2.value,0,0.21564766764640808
445,1024,layers.2,0,0.2154867947101593
446,1024,layers.3.layers.0,0,0.15153414011001587
447,1024,layers.3.layers.1,0,0.07023531943559647
448,1024,layers.3.layers,0,0.07023531943559647
449,1024,layers.3,0,0.07023531943559647
450,1024,layers.4.query,0,0.10231108218431473
451,1024,layers.4.key,0,0.10302393138408661
452,1024,layers.4.value,0,0.10169706493616104
453,1024,layers.4,0,0.10169706493616104
454,1024,layers.5.layers.0,0,0.070441335439682
455,1024,layers.5.layers.1,0,0.037685949355363846
456,1024,layers.5.layers,0,0.037685949355363846
457,1024,layers.5,0,0.037685949355363846
458,1024,layers.6.query,0,0.051278796046972275
459,1024,layers.6.key,0,0.04984797537326813
460,1024,layers.6.value,0,0.05032368749380112
461,1024,layers.6,0,0.050323691219091415
462,1024,layers.7.layers.0,0,0.03393898531794548
463,1024,layers.7.layers.1,0,0.016854438930749893
464,1024,layers.7.layers,0,0.016854438930749893
465,1024,layers.7,0,0.016854438930749893
466,1024,unembed,0,0.0763871893286705
467,1024,,0,0.0763871893286705
468,1024,embed,1,0.7288498282432556
469,1024,fin,1,0.733376145362854
470,1024,layers.0.query,1,0.5199896097183228
471,1024,layers.0.key,1,0.5223804712295532
472,1024,layers.0.value,1,0.5258177518844604
473,1024,layers.0,1,0.4075733721256256
474,1024,layers.1.layers.0,1,0.3075067400932312
475,1024,layers.1.layers.1,1,0.1540917307138443
476,1024,layers.1.layers,1,0.1540917307138443
477,1024,layers.1,1,0.1540917307138443
478,1024,layers.2.query,1,0.2113141566514969
479,1024,layers.2.key,1,0.2146969735622406
480,1024,layers.2.value,1,0.2154826521873474
481,1024,layers.2,1,0.21532706916332245
482,1024,layers.3.layers.0,1,0.15133962035179138
483,1024,layers.3.layers.1,1,0.07001122832298279
484,1024,layers.3.layers,1,0.07001122832298279
485,1024,layers.3,1,0.07001122832298279
486,1024,layers.4.query,1,0.1022448018193245
487,1024,layers.4.key,1,0.10297743231058121
488,1024,layers.4.value,1,0.10168097913265228
489,1024,layers.4,1,0.10168097913265228
490,1024,layers.5.layers.0,1,0.07058236002922058
491,1024,layers.5.layers.1,1,0.03778698295354843
492,1024,layers.5.layers,1,0.03778698295354843
493,1024,layers.5,1,0.03778698295354843
494,1024,layers.6.query,1,0.0512845441699028
495,1024,layers.6.key,1,0.04988960176706314
496,1024,layers.6.value,1,0.05047623813152313
497,1024,layers.6,1,0.05047623813152313
498,1024,layers.7.layers.0,1,0.03405435383319855
499,1024,layers.7.layers.1,1,0.016919709742069244
500,1024,layers.7.layers,1,0.016919709742069244
501,1024,layers.7,1,0.016919709742069244
502,1024,unembed,1,0.09470679610967636
503,1024,,1,0.09470679610967636
504,1024,embed,2,0.7290405035018921
505,1024,fin,2,0.7339497208595276
506,1024,layers.0.query,2,0.5207557678222656
507,1024,layers.0.key,2,0.5232070684432983
508,1024,layers.0.value,2,0.5269134044647217
509,1024,layers.0,2,0.4117472171783447
510,1024,layers.1.layers.0,2,0.31139642000198364
511,1024,layers.1.layers.1,2,0.15620452165603638
512,1024,layers.1.layers,2,0.15620452165603638
513,1024,layers.1,2,0.15620452165603638
514,1024,layers.2.query,2,0.21445287764072418
515,1024,layers.2.key,2,0.2177930772304535
516,1024,layers.2.value,2,0.2187998741865158
517,1024,layers.2,2,0.21864952147006989
518,1024,layers.3.layers.0,2,0.15482690930366516
519,1024,layers.3.layers.1,2,0.07181435823440552
520,1024,layers.3.layers,2,0.07181435823440552
521,1024,layers.3,2,0.07181435823440552
522,1024,layers.4.query,2,0.10499022156000137
523,1024,layers.4.key,2,0.10560546070337296
524,1024,layers.4.value,2,0.10481348633766174
525,1024,layers.4,2,0.10481348633766174
526,1024,layers.5.layers.0,2,0.0734938234090805
527,1024,layers.5.layers.1,2,0.03950370475649834
528,1024,layers.5.layers,2,0.03950370475649834
529,1024,layers.5,2,0.03950370475649834
530,1024,layers.6.query,2,0.05349422246217728
531,1024,layers.6.key,2,0.05222536623477936
532,1024,layers.6.value,2,0.053025081753730774
533,1024,layers.6,2,0.053025081753730774
534,1024,layers.7.layers.0,2,0.03623411804437637
535,1024,layers.7.layers.1,2,0.01815146580338478
536,1024,layers.7.layers,2,0.01815146580338478
537,1024,layers.7,2,0.01815146580338478
538,1024,unembed,2,0.14690367877483368
539,1024,,2,0.14690367877483368
540,2048,embed,0,0.7293400168418884
541,2048,fin,0,0.7243425846099854
542,2048,layers.0.query,0,0.5146178007125854
543,2048,layers.0.key,0,0.5053735971450806
544,2048,layers.0.value,0,0.5109134912490845
545,2048,layers.0,0,0.39954543113708496
546,2048,layers.1.layers.0,0,0.2764333486557007
547,2048,layers.1.layers.1,0,0.13824091851711273
548,2048,layers.1.layers,0,0.13824091851711273
549,2048,layers.1,0,0.13824091851711273
550,2048,layers.2.query,0,0.19620555639266968
551,2048,layers.2.key,0,0.1992122381925583
552,2048,layers.2.value,0,0.19632868468761444
553,2048,layers.2,0,0.19591286778450012
554,2048,layers.3.layers.0,0,0.13739189505577087
555,2048,layers.3.layers.1,0,0.06680162250995636
556,2048,layers.3.layers,0,0.06680162250995636
557,2048,layers.3,0,0.06680162250995636
558,2048,layers.4.query,0,0.09594542533159256
559,2048,layers.4.key,0,0.09609772264957428
560,2048,layers.4.value,0,0.09882140159606934
561,2048,layers.4,0,0.09882140159606934
562,2048,layers.5.layers.0,0,0.07261011004447937
563,2048,layers.5.layers.1,0,0.035086095333099365
564,2048,layers.5.layers,0,0.035086095333099365
565,2048,layers.5,0,0.035086095333099365
566,2048,layers.6.query,0,0.05053692311048508
567,2048,layers.6.key,0,0.052225470542907715
568,2048,layers.6.value,0,0.05043945461511612
569,2048,layers.6,0,0.05043945461511612
570,2048,layers.7.layers.0,0,0.03407083451747894
571,2048,layers.7.layers.1,0,0.016745550557971
572,2048,layers.7.layers,0,0.016745550557971
573,2048,layers.7,0,0.016745550557971
574,2048,unembed,0,0.07669252157211304
575,2048,,0,0.07669252157211304
576,2048,embed,1,0.7293797731399536
577,2048,fin,1,0.7243178486824036
578,2048,layers.0.query,1,0.5144332647323608
579,2048,layers.0.key,1,0.505384624004364
580,2048,layers.0.value,1,0.5104389786720276
581,2048,layers.0,1,0.38859325647354126
582,2048,layers.1.layers.0,1,0.2693594992160797
583,2048,layers.1.layers.1,1,0.1348484456539154
584,2048,layers.1.layers,1,0.1348484456539154
585,2048,layers.1,1,0.1348484456539154
586,2048,layers.2.query,1,0.19110170006752014
587,2048,layers.2.key,1,0.1935175210237503
588,2048,layers.2.value,1,0.19130286574363708
589,2048,layers.2,1,0.1908869743347168
590,2048,layers.3.layers.0,1,0.1348170042037964
591,2048,layers.3.layers.1,1,0.06527978181838989
592,2048,layers.3.layers,1,0.06527978181838989
593,2048,layers.3,1,0.06527978181838989
594,2048,layers.4.query,1,0.0945407971739769
595,2048,layers.4.key,1,0.0945838987827301
596,2048,layers.4.value,1,0.09736740589141846
597,2048,layers.4,1,0.09736740589141846
598,2048,layers.5.layers.0,1,0.0716768354177475
599,2048,layers.5.layers.1,1,0.03457815200090408
600,2048,layers.5.layers,1,0.03457815200090408
601,2048,layers.5,1,0.03457815200090408
602,2048,layers.6.query,1,0.04980593919754028
603,2048,layers.6.key,1,0.051861055195331573
604,2048,layers.6.value,1,0.04992227628827095
605,2048,layers.6,1,0.04992227628827095
606,2048,layers.7.layers.0,1,0.033622778952121735
607,2048,layers.7.layers.1,1,0.016471920534968376
608,2048,layers.7.layers,1,0.016471920534968376
609,2048,layers.7,1,0.016471920534968376
610,2048,unembed,1,0.09520584344863892
611,2048,,1,0.09520584344863892
612,2048,embed,2,0.7297284603118896
613,2048,fin,2,0.725501298904419
614,2048,layers.0.query,2,0.515720009803772
615,2048,layers.0.key,2,0.5065550804138184
616,2048,layers.0.value,2,0.5123794674873352
617,2048,layers.0,2,0.398892879486084
618,2048,layers.1.layers.0,2,0.278668075799942
619,2048,layers.1.layers.1,2,0.1402173638343811
620,2048,layers.1.layers,2,0.1402173638343811
621,2048,layers.1,2,0.1402173638343811
622,2048,layers.2.query,2,0.19873206317424774
623,2048,layers.2.key,2,0.20150864124298096
624,2048,layers.2.value,2,0.20003804564476013
625,2048,layers.2,2,0.19963648915290833
626,2048,layers.3.layers.0,2,0.1431468427181244
627,2048,layers.3.layers.1,2,0.06950657069683075
628,2048,layers.3.layers,2,0.06950657069683075
629,2048,layers.3,2,0.06950657069683075
630,2048,layers.4.query,2,0.10143917053937912
631,2048,layers.4.key,2,0.1011924147605896
632,2048,layers.4.value,2,0.10497675836086273
633,2048,layers.4,2,0.10497675091028214
634,2048,layers.5.layers.0,2,0.0782708078622818
635,2048,layers.5.layers.1,2,0.037972286343574524
636,2048,layers.5.layers,2,0.037972286343574524
637,2048,layers.5,2,0.037972286343574524
638,2048,layers.6.query,2,0.054835349321365356
639,2048,layers.6.key,2,0.0572657585144043
640,2048,layers.6.value,2,0.05556214600801468
641,2048,layers.6,2,0.05556214600801468
642,2048,layers.7.layers.0,2,0.03818877041339874
643,2048,layers.7.layers.1,2,0.01887562684714794
644,2048,layers.7.layers,2,0.01887562684714794
645,2048,layers.7,2,0.01887562684714794
646,2048,unembed,2,0.1534193754196167
647,2048,,2,0.1534193754196167
648,4096,embed,0,0.7301938533782959
649,4096,fin,0,0.7177103757858276
650,4096,layers.0.query,0,0.5132142901420593
651,4096,layers.0.key,0,0.5178090333938599
652,4096,layers.0.value,0,0.5116431713104248
653,4096,layers.0,0,0.3876050114631653
654,4096,layers.1.layers.0,0,0.277332067489624
655,4096,layers.1.layers.1,0,0.14028747379779816
656,4096,layers.1.layers,0,0.14028747379779816
657,4096,layers.1,0,0.14028747379779816
658,4096,layers.2.query,0,0.1987139880657196
659,4096,layers.2.key,0,0.19514477252960205
660,4096,layers.2.value,0,0.1986370086669922
661,4096,layers.2,0,0.19803494215011597
662,4096,layers.3.layers.0,0,0.14118343591690063
663,4096,layers.3.layers.1,0,0.07167524099349976
664,4096,layers.3.layers,0,0.07167524099349976
665,4096,layers.3,0,0.07167524099349976
666,4096,layers.4.query,0,0.10009178519248962
667,4096,layers.4.key,0,0.10016395151615143
668,4096,layers.4.value,0,0.10280401259660721
669,4096,layers.4,0,0.10280401259660721
670,4096,layers.5.layers.0,0,0.07181002199649811
671,4096,layers.5.layers.1,0,0.03606664389371872
672,4096,layers.5.layers,0,0.03606664389371872
673,4096,layers.5,0,0.03606664389371872
674,4096,layers.6.query,0,0.05062975734472275
675,4096,layers.6.key,0,0.05101172998547554
676,4096,layers.6.value,0,0.05155652016401291
677,4096,layers.6,0,0.05155652016401291
678,4096,layers.7.layers.0,0,0.03707573190331459
679,4096,layers.7.layers.1,0,0.019030360504984856
680,4096,layers.7.layers,0,0.019030360504984856
681,4096,layers.7,0,0.019030360504984856
682,4096,unembed,0,0.07780952006578445
683,4096,,0,0.07780952006578445
684,4096,embed,1,0.7301497459411621
685,4096,fin,1,0.7176963686943054
686,4096,layers.0.query,1,0.513198971748352
687,4096,layers.0.key,1,0.518194317817688
688,4096,layers.0.value,1,0.5119262337684631
689,4096,layers.0,1,0.39846235513687134
690,4096,layers.1.layers.0,1,0.2852282226085663
691,4096,layers.1.layers.1,1,0.1435534507036209
692,4096,layers.1.layers,1,0.1435534507036209
693,4096,layers.1,1,0.1435534507036209
694,4096,layers.2.query,1,0.20441372692584991
695,4096,layers.2.key,1,0.2008071094751358
696,4096,layers.2.value,1,0.2049466073513031
697,4096,layers.2,1,0.20385953783988953
698,4096,layers.3.layers.0,1,0.14566591382026672
699,4096,layers.3.layers.1,1,0.07368152588605881
700,4096,layers.3.layers,1,0.07368152588605881
701,4096,layers.3,1,0.07368152588605881
702,4096,layers.4.query,1,0.1033669114112854
703,4096,layers.4.key,1,0.10362237691879272
704,4096,layers.4.value,1,0.10605771839618683
705,4096,layers.4,1,0.10605771839618683
706,4096,layers.5.layers.0,1,0.07431159913539886
707,4096,layers.5.layers.1,1,0.037438321858644485
708,4096,layers.5.layers,1,0.037438321858644485
709,4096,layers.5,1,0.037438321858644485
710,4096,layers.6.query,1,0.053043968975543976
711,4096,layers.6.key,1,0.053490154445171356
712,4096,layers.6.value,1,0.053909942507743835
713,4096,layers.6,1,0.053909942507743835
714,4096,layers.7.layers.0,1,0.03894085809588432
715,4096,layers.7.layers.1,1,0.019643500447273254
716,4096,layers.7.layers,1,0.019643500447273254
717,4096,layers.7,1,0.019643500447273254
718,4096,unembed,1,0.10454978048801422
719,4096,,1,0.10454978048801422
720,4096,embed,2,0.7305499911308289
721,4096,fin,2,0.7197312116622925
722,4096,layers.0.query,2,0.5158563852310181
723,4096,layers.0.key,2,0.5209231376647949
724,4096,layers.0.value,2,0.5169617533683777
725,4096,layers.0,2,0.4353025555610657
726,4096,layers.1.layers.0,2,0.3168698251247406
727,4096,layers.1.layers.1,2,0.16027987003326416
728,4096,layers.1.layers,2,0.16027987003326416
729,4096,layers.1,2,0.16027987003326416
730,4096,layers.2.query,2,0.22995027899742126
731,4096,layers.2.key,2,0.2255118191242218
732,4096,layers.2.value,2,0.23294511437416077
733,4096,layers.2,2,0.23197418451309204
734,4096,layers.3.layers.0,2,0.17070870101451874
735,4096,layers.3.layers.1,2,0.08716584742069244
736,4096,layers.3.layers,2,0.08716584742069244
737,4096,layers.3,2,0.08716584742069244
738,4096,layers.4.query,2,0.12285110354423523
739,4096,layers.4.key,2,0.12310359627008438
740,4096,layers.4.value,2,0.1280970275402069
741,4096,layers.4,2,0.12809701263904572
742,4096,layers.5.layers.0,2,0.09254763275384903
743,4096,layers.5.layers.1,2,0.04754684865474701
744,4096,layers.5.layers,2,0.04754684865474701
745,4096,layers.5,2,0.04754684865474701
746,4096,layers.6.query,2,0.06788608431816101
747,4096,layers.6.key,2,0.0683380663394928
748,4096,layers.6.value,2,0.06998082995414734
749,4096,layers.6,2,0.06998082995414734
750,4096,layers.7.layers.0,2,0.052081119269132614
751,4096,layers.7.layers.1,2,0.026555966585874557
752,4096,layers.7.layers,2,0.026555966585874557
753,4096,layers.7,2,0.026555966585874557
754,4096,unembed,2,0.20847712457180023
755,4096,,2,0.20847712457180023
756,8192,embed,0,0.7310801148414612
757,8192,fin,0,0.7223109602928162
758,8192,layers.0.query,0,0.5090616941452026
759,8192,layers.0.key,0,0.5081338882446289
760,8192,layers.0.value,0,0.5140669345855713
761,8192,layers.0,0,0.4146856963634491
762,8192,layers.1.layers.0,0,0.29199278354644775
763,8192,layers.1.layers.1,0,0.14698052406311035
764,8192,layers.1.layers,0,0.14698052406311035
765,8192,layers.1,0,0.14698052406311035
766,8192,layers.2.query,0,0.20865309238433838
767,8192,layers.2.key,0,0.20791995525360107
768,8192,layers.2.value,0,0.20803481340408325
769,8192,layers.2,0,0.20694297552108765
770,8192,layers.3.layers.0,0,0.146206796169281
771,8192,layers.3.layers.1,0,0.07334722578525543
772,8192,layers.3.layers,0,0.07334722578525543
773,8192,layers.3,0,0.07334722578525543
774,8192,layers.4.query,0,0.10284337401390076
775,8192,layers.4.key,0,0.10445120930671692
776,8192,layers.4.value,0,0.10284024477005005
777,8192,layers.4,0,0.10284024477005005
778,8192,layers.5.layers.0,0,0.07170064002275467
779,8192,layers.5.layers.1,0,0.03532957285642624
780,8192,layers.5.layers,0,0.03532957285642624
781,8192,layers.5,0,0.03532957285642624
782,8192,layers.6.query,0,0.05093852058053017
783,8192,layers.6.key,0,0.05162440612912178
784,8192,layers.6.value,0,0.05077178031206131
785,8192,layers.6,0,0.05077178031206131
786,8192,layers.7.layers.0,0,0.035543590784072876
787,8192,layers.7.layers.1,0,0.017696117982268333
788,8192,layers.7.layers,0,0.017696117982268333
789,8192,layers.7,0,0.017696117982268333
790,8192,unembed,0,0.07774093747138977
791,8192,,0,0.07774093747138977
792,8192,embed,1,0.7310333251953125
793,8192,fin,1,0.7235429286956787
794,8192,layers.0.query,1,0.5130741596221924
795,8192,layers.0.key,1,0.5104056596755981
796,8192,layers.0.value,1,0.5186049938201904
797,8192,layers.0,1,0.4637646973133087
798,8192,layers.1.layers.0,1,0.3317883610725403
799,8192,layers.1.layers.1,1,0.16713091731071472
800,8192,layers.1.layers,1,0.16713091731071472
801,8192,layers.1,1,0.16713091731071472
802,8192,layers.2.query,1,0.23927927017211914
803,8192,layers.2.key,1,0.2379882037639618
804,8192,layers.2.value,1,0.24098370969295502
805,8192,layers.2,1,0.2401786744594574
806,8192,layers.3.layers.0,1,0.1749098300933838
807,8192,layers.3.layers.1,1,0.0875103622674942
808,8192,layers.3.layers,1,0.0875103622674942
809,8192,layers.3,1,0.0875103622674942
810,8192,layers.4.query,1,0.12461484223604202
811,8192,layers.4.key,1,0.12627989053726196
812,8192,layers.4.value,1,0.1269776076078415
813,8192,layers.4,1,0.1269775927066803
814,8192,layers.5.layers.0,1,0.09253577888011932
815,8192,layers.5.layers.1,1,0.04561641067266464
816,8192,layers.5.layers,1,0.04561641067266464
817,8192,layers.5,1,0.04561641067266464
818,8192,layers.6.query,1,0.06592155992984772
819,8192,layers.6.key,1,0.0671413317322731
820,8192,layers.6.value,1,0.06771104782819748
821,8192,layers.6,1,0.06771104037761688
822,8192,layers.7.layers.0,1,0.04952374845743179
823,8192,layers.7.layers.1,1,0.02474188059568405
824,8192,layers.7.layers,1,0.02474188059568405
825,8192,layers.7,1,0.02474188059568405
826,8192,unembed,1,0.11845681816339493
827,8192,,1,0.11845681816339493
828,8192,embed,2,0.7313788533210754
829,8192,fin,2,0.7294056415557861
830,8192,layers.0.query,2,0.5236086845397949
831,8192,layers.0.key,2,0.5188268423080444
832,8192,layers.0.value,2,0.5341562628746033
833,8192,layers.0,2,0.5072836875915527
834,8192,layers.1.layers.0,2,0.3784920573234558
835,8192,layers.1.layers.1,2,0.19358880817890167
836,8192,layers.1.layers,2,0.19358880817890167
837,8192,layers.1,2,0.19358880817890167
838,8192,layers.2.query,2,0.2808254063129425
839,8192,layers.2.key,2,0.2776198983192444
840,8192,layers.2.value,2,0.2898394465446472
841,8192,layers.2,2,0.28969770669937134
842,8192,layers.3.layers.0,2,0.22288569808006287
843,8192,layers.3.layers.1,2,0.11384989321231842
844,8192,layers.3.layers,2,0.11384989321231842
845,8192,layers.3,2,0.11384989321231842
846,8192,layers.4.query,2,0.16379106044769287
847,8192,layers.4.key,2,0.16542547941207886
848,8192,layers.4.value,2,0.17158478498458862
849,8192,layers.4,2,0.17158478498458862
850,8192,layers.5.layers.0,2,0.13317333161830902
851,8192,layers.5.layers.1,2,0.06716904044151306
852,8192,layers.5.layers,2,0.06716904044151306
853,8192,layers.5,2,0.06716904044151306
854,8192,layers.6.query,2,0.0971495509147644
855,8192,layers.6.key,2,0.0987127423286438
856,8192,layers.6.value,2,0.10241701453924179
857,8192,layers.6,2,0.10241701453924179
858,8192,layers.7.layers.0,2,0.07932565361261368
859,8192,layers.7.layers.1,2,0.04062851145863533
860,8192,layers.7.layers,2,0.04062851145863533
861,8192,layers.7,2,0.04062851145863533
862,8192,unembed,2,0.30007749795913696
863,8192,,2,0.30007749795913696
